question,answer,reference,create_at,keywords
如果我要請假，要怎麼請,"請假單
https://accmisportal.accton.com/ACCTON/HPT/HPT001/HPT001_Index",https://accmisportal.accton.com/ACCTON/HPT/HPT001/HPT001_Index,2025/1/9,請假
怎麼請假,"若您想請假，可以參考公司內部的請假系統。根據提供的資訊，您公司的請假系統為 https://accmisportal.accton.com/ACCTON/HPT/HPT001/HPT001_Index
請透過此連結進入系統，並按照系統指示填寫相關請假資訊，即可完成請假流程。",https://accmisportal.accton.com/ACCTON/HPT/HPT001/HPT001_Index,2025/1/9,請假
修改密碼後不能登入,"請確定您是在連線至公司內部網路時變更密碼。

如果您在辦公室，請連線至有線網路，然後按下鍵盤上的 Ctrl + Alt + Del 並選擇 「變更密碼」。這會直接與帳戶伺服器同步，加快處理速度。

如果您從外部網路更改密碼，系統會需要更多時間來處理。請耐心等候。

等待時間約為一天左右。",https://accportal.accton.com/Pages/updatepassword.aspx,2025/1/9,修改密碼、更新密碼、無法登入
如何修改密碼,"## 智邦科技更新密碼

### 變更您的帳戶密碼

1.移至 account.microsoft.com，而如果您尚未登入，請使用您要更新之帳戶的使用者名稱和目前密碼登入。
2.從瀏覽標題選取 [安全性]，而因為您要存取敏感性資訊，將必須再次輸入此帳戶的密碼。
3.從 [密碼安全性] 磚中，選取 [變更我的密碼]。
4.在 [變更您的密碼] 頁面上，輸入您現有的密碼，然後輸入新密碼。
如需額外的安全性，請選取選用核取方塊，則系統會每隔 90 天提示您更新密碼。
5.選取 [儲存]。

### 開機密碼請注意:

1.長度為14字元以上。
2.英文大小寫、數字、符號4選3。
3.請勿包含您的英文名字。
4.請勿與前10組相同
5.請90天更改一次
6.24小時只能改一次密碼

如果您有任何問題請與 Martin_lin ext.1113 聯絡

其他資訊可以參考: https://accportal.accton.com/Pages/updatepassword.aspx",https://accportal.accton.com/Pages/updatepassword.aspx,2025/1/9,修改密碼、更新密碼
新人考核要在哪裡查看,"您可以前往 https://atchrd-lmskpi.accton.com/eHRD/eHRDOrg 完成新人考核。

依公司規定, 新人目標應於到職二周內完成設定煩請參閱附件, 依時程完成新人目標設定, 並送出給主管審核。

(小提醒:有些課程通過條件需完成問卷填寫，再請留意，謝謝)
",https://atchrd-lmskpi.accton.com/eHRD/eHRDOrg,2025/1/9,新人考核
KPI 要去哪裡填寫,你可以登入 https://atchrd-lmskpi.accton.com/eHRD/eHRDOrg 查找 KPI 填寫相關資訊。如果還不清楚，應該是因為你新人課程還沒上完，裡面有專門介紹 KPI 填寫的課程，建議先完成那個部分。,https://atchrd-lmskpi.accton.com/eHRD/eHRDOrg,2025/1/9,KPI、績效考核
去哪裡填寫績效考核,"績效考核一般是指用來評估員工在工作上的表現和成果。
根據您提問，績效考核的相關資訊主要集中在 KPI（關鍵績效指標）的填寫和新人考核上。
如果需要查找更詳細的績效考核相關資訊，您應該可以登入 https://atchrd-lmskpi.accton.com/eHRD/eHRDOrg 這個網址來查看。
如果您是新人，還沒有完成相關課程，建議您先完成新人課程中的 績效考核 介紹。",https://atchrd-lmskpi.accton.com/eHRD/eHRDOrg,2025/1/9,KPI、績效考核
打卡記錄要怎麼查看,參考：https://accmisportal.accton.com/ACCTON/HPR/HPR001/HPR001_Index,https://accmisportal.accton.com/ACCTON/HPR/HPR001/HPR001_Index,2025/1/9,打卡紀錄
如何查詢這週打卡紀錄,智邦的 Poratl 上有， https://accportal.accton.com/Pages/default.aspx,https://accportal.accton.com/Pages/default.aspx,2025/1/9,本週打卡紀錄